name,position,company,description,linkedin_url
"Krista Baty, RN, MHA, FACHE",,,Chief Nursing Officer at Cedar Park Regional Medical Center,https://www.linkedin.com/in/krista-baty-rn-mha-fache-5331093
"Steve Steffensen, MD","Chief, Learning Health System",Dell Medical School at The University of Texas at Austin,"Chief, Learning Health System - Dell Medical School",https://www.linkedin.com/in/ssteffensen
Max Owens,,,Chief Financial Officer at St. Marks Medical Center,https://www.linkedin.com/in/max-owens-341161
"Dr. Bonnie Clipper, DNP, RN, MA, MBA, CENP, FACHE","Chief Clinical Officer, Cornerstone Hospital of Austin",Cornerstone Healthcare Group,Robert Wood Johnson Foundation Executive Nurse Fellow & ASU/AONE Executive Fellow in Health Innovation Leadership,https://www.linkedin.com/in/bonnieclipper
Matt Stanley,President - Chief Executive Officer,Sundance Memory Care,President and CEO of Sundance Memory Care,https://www.linkedin.com/in/matt-stanley-5726ab92
Bob Copeland,,,Chief Information Officer at Sonic Healthcare USA,https://www.linkedin.com/in/bob-copeland-59b3641
Janice Little,,,Chief Diversity Officer at McKesson,https://www.linkedin.com/in/janice-little-0410ab1
Karen Pilley,,,"Chief Executive Officer at MAP Revenue Cycle Solutions, LLC",https://www.linkedin.com/in/karen-pilley-6b45589a
Chris Conte,Executive Vice President & Chief Revenue Officer,HealthEdge,Executive Vice President and Chief Revenue Officer at HealthEdge,https://www.linkedin.com/in/chris-conte-1a183912
Jason Carter,,,"Chief Operating Officer at Post Acute Medical, LLC",https://www.linkedin.com/in/jason-carter-39882610
Drew Morton,,,Senior Vice President & Chief Human Resources Officer at Hanger,https://www.linkedin.com/in/drewmorton
Scott Herndon,Chief Financial Officer,Seton Healthcare Family,SVP & Chief Financial Officer - Seton & Providence Health Network (Ascension Texas),https://www.linkedin.com/in/scott-herndon-4b939731
Pamela Bryant,,,"Chief Supply Chain Officer at Hanger, Inc.",https://www.linkedin.com/in/pamela-bryant-5923aa14
Raymond Anderson,,,Senior Vice President and Chief Strategy Officer at Seton Healthcare Family,https://www.linkedin.com/in/raymond-anderson-85348576
"Ed Prettyman, Psy.D.",Chief Executive Officer,UHS/Texas NeuroRehab Center,Hospital Chief Executive Officer,https://www.linkedin.com/in/ed-prettyman-psy-d-53070a56
Michelle Adamolekun,"Regional VP, Chief HR Officer",Ascension Health,"Regional VP, Chief HR Officer",https://www.linkedin.com/in/michelle-adamolekun-88097a15
Evan Bowers,,,"Chief Information Officer(CIO) at HealthTronics, Inc.",https://www.linkedin.com/in/evanjbowers
Cameron Howard,Associate Chief Operating Officer (HCA),St. Davids HealthCare (HCA),Associate Chief Operating Officer at St. Davids North Austin Medical Center (HCA),https://www.linkedin.com/in/cameron-howard-156452110
Angela Pierce,,,Chief Financial Officer at AirStrip Technologies,https://www.linkedin.com/in/angela-pierce-251924
Steve Ditto,Chief Commercial Officer,Lantern (golantern.com),Chief Commercial Officer at Lantern | Revolutionizing the Delivery and Efficacy of Mental Health Services,https://www.linkedin.com/in/stevenditto
Thomas C Hofmeister,,,Chief Financial Officer at CCS Medical,https://www.linkedin.com/in/thomas-c-hofmeister-78b23820
"John Walker, FACHE","VP, Area Chief Resource Officer","The Resource Group, LLC - Ascension Health","VP, Area Chief Resource Officer at The Resource Group, LLC of Ascension Health",https://www.linkedin.com/in/john-walker-fache-a689251
"Gary Piefer, MD",,,Chief Medical Officer at WhiteGlove Health - Glenridge Health Solutions,https://www.linkedin.com/in/gary-piefer-md-76096149
Bobby Floyd,,,Chief Operating Officer at HHS - Hospital Housekeeping Systems,https://www.linkedin.com/in/bobby-floyd-277a8931
David McCormick,Chief Operations Officer,Innovista Health Solutions,Chief Operations Officer at Innovista Health,https://www.linkedin.com/in/david-mccormick-65a7941
"Bradley Dinsmore, RN",Chief Executive Officer,HealthSouth,Chief Executive Officer HealthSouth Rehabilitation Hospital of Austin,https://www.linkedin.com/in/bradley-dinsmore-rn-0430b045
Adolfo Valadez MD MPH,Chief Medical Officer,FirstCare Health Plans,Chief Medical Officer,https://www.linkedin.com/in/adolfo-valadez-md-mph-ab365a46
John Apholt,,,Chief Operating Officer at Sonic Healthcare USA,https://www.linkedin.com/in/john-apholt-847a807
Andrew Chen,,,Chief Product Officer & Co-founder at Iris Plans,https://www.linkedin.com/in/andrewchen0128
Mark Jones,Chief Financial Officer,Hill Country Memorial Hospital,Chief Financial Officer,https://www.linkedin.com/in/markjonescpa
LinkedIn Member,Vice President and Chief Accounting Officer,"Hanger, Inc.",,
Esther Chung,,,Chief Operating Officer at St. Davids Medical Center,https://www.linkedin.com/in/esther-chung-4b789915
Jerry Feyh,Chief Financial Officer,Austin Radiological Association,Chief Financial Officer,https://www.linkedin.com/in/jfeyh
Zain Kazmi,"Chief Analytics Officer & Assistant Vice Chancellor, Health Affairs",The University of Texas System,"Chief Analytics Officer & Assistant Vice Chancellor, Health Affairs at UT System",https://www.linkedin.com/in/zainkazmi
"Scott Fuller, FACHE","Senior Vice President, Ventures & Alliances and Chief Responsibility Officer",Ascension Texas,"Senior Vice President, Ventures & Alliances and Chief Responsibility Officer",https://www.linkedin.com/in/sofuller
Mark Sanders,,,Chief Financial Officer at Superior Health Plan - Centene Corporation,https://www.linkedin.com/in/mark-sanders-1969a83
Violet Simmons,,,Chief Quality Officer at Cedar Park Regional Medical Center,https://www.linkedin.com/in/violet-simmons-a58a889
Skyler Reed,Chief Operating Officer,St. Davids Georgetown Hospital (HCA affiliate),Chief Operating Officer at St. Davids Georgetown Hospital (HCA),https://www.linkedin.com/in/skyler-reed-a76b6332
"Stacy Cantu, CAE",Chief Governance Officer,Texas Health Resources,Chief Governance Officer,https://www.linkedin.com/in/stacycantu
Steve Jennings,,,"Chief Executive Officer at Ears & Hearing, P.A",https://www.linkedin.com/in/steve-jennings-3138584
Patrick Lombardo,,,Chief Administrative Officer at HHS - Hospital Housekeeping Systems,https://www.linkedin.com/in/patrick-lombardo-547427131
Terri Sabella,Chief Operating Officer and Chief Nursing Officer,CommUnityCare,Chief Operating Officer at CommUnityCare,https://www.linkedin.com/in/terri-sabella-69b6b74
Jaeson Fournier,,,Chief Executive Officer at CommUnityCare Health Centers,https://www.linkedin.com/in/jaeson-fournier-04685819
"Chase Pedersen, MSN, RN, CEN, HACP, NEA-BC",Assistant Chief Nursing Officer,St. Davids HealthCare,Assistant Chief Nursing Officer,https://www.linkedin.com/in/chase-pedersen-msn-rn-cen-hacp-nea-bc-814a151a
Greg Hadden,Chief Medical Officer,Social Orbit,"Chief Medical Officer at Social Orbit, Physician at US Acute Care Solutions/ESP, Medical Director at Five Star ER",https://www.linkedin.com/in/greg-hadden-b267a1b6
Shannon Crinion,Chief Operating Officer / Chief Nursing Officer Baylor Scott and White Health,Emerus,Chief Operating Officer and Chief Nursing Officer at Baylor Scott & White Health / Emerus,https://www.linkedin.com/in/shannon-crinion-184a3373
Tyler Penrod,Chief Executive Officer,Penrod Enterprises,"Chief Executive Officer, Penrod Enterprises",https://www.linkedin.com/in/tyler-penrod-25799453
Robert Friedman,,,Chief Medical Officer at Hospice Austin,https://www.linkedin.com/in/robert-friedman-0742b230
Susan Mueller M.D.,"Managing Director - Health Management Operations - Chief Medical Director, Accenture Health Practice",Accenture,"Managing Director - Chief Medical Officer, Accenture Health Management Operations",https://www.linkedin.com/in/susan-mueller-m-d-8266aa1
Skip Courtney,Chief Operating Officer,HNI Healthcare,"Chief Operating Officer at HNI Healthcare,Inc.",https://www.linkedin.com/in/skip-courtney-68911814
Dwain Morris,Chief Financial and Administrative Officer,UT Austin Dell Medical School,Chief Financial and Administrative Officer,https://www.linkedin.com/in/dwain-morris-b50a77112
Mary Frost,,,Chief Technical Officer at Sonic Healthcare USA,https://www.linkedin.com/in/mary-frost-a0716710
Andrea Sharma,,,Chief Financial Officer at Innovetive Petcare,https://www.linkedin.com/in/andrea-sharma-a582434
Thomas Colvin,"Enterprise Data Analyst, Office of the Chief Data Officer",HHSC,"Senior Business Analyst, Center for Analytics and Decision Support at HHS",https://www.linkedin.com/in/thomas-colvin-8510ab4
Bramer Owens,"Chief Operating Officer, Hill Country Region",BaylorScott&White Health,"Chief Operating Officer, Hill Country Region BaylorScott and White Healthcare",https://www.linkedin.com/in/bramer-owens-1b7b9b52
"Emily Padula, FACHE",,,Chief Strategy Officer at Hill Country Memorial,https://www.linkedin.com/in/emily-padula-fache-485190
Ellen Richards,Chief Strategy Officer,"Integral Care-Austin, TX",Chief Strategy Officer at Integral Care,https://www.linkedin.com/in/ellenvrichards
Mirjana Vidacic,Chief Informatics Officer,"DR. AV, LLC.","Chief Informatics Officer at DR. AV, LLC.",https://www.linkedin.com/in/mirjana-vidacic-07663510
Kellie Bolin,,,Chief Financial Officer at Peoples Community Clinic,https://www.linkedin.com/in/kelliebolin
Jennifer Kinman,,,Chief Development Officer at Texas Orthopedics,https://www.linkedin.com/in/jennifer-kinman-9250aa14
Ken Mitchell,Chief Medical Officer,St. Davids North Austin Medical Center,Chief Medical Officer at St. Davids North Austin Medical Center / St. Davids Womens Center of Texas / St. Davids Childrens Hospital / St. Davids Surgical Hospital,https://www.linkedin.com/in/ken-mitchell-a575bb9
Neal Kelley,,,SMCH Chief Operating Officer at Seton Healthcare Family,https://www.linkedin.com/in/neal-kelley-17356178
Frank Mazza,,,"Chief Medical Officer, Patient Safety at Quantros",https://www.linkedin.com/in/frank-mazza-b04b6210
Kenneth Giordano,Chief Development Officer,"ARROWSIGHT, INC.",Chief Development Officer,https://www.linkedin.com/in/kennethgiordano
Gurneet Kohli,,,Chief Medical Officer at Southwest Provider Partners ACO,https://www.linkedin.com/in/gurneet-kohli-99a31b21
Jeff Whitaker,,,Chief Operating Officer at Halcyon Home,https://www.linkedin.com/in/jeff-whitaker-161b9b12
Michael A. Lopez,Chief Nursing Officer,St. Davids Georgetown Hospital,Chief Nursing Officer at HCA/St.Davids Central Texas Division-Georgetown,https://www.linkedin.com/in/michael-a-lopez-193b905
Edward McPadden,,,Chief Medical Dosimetrist at Austin Cancer Centers,https://www.linkedin.com/in/edward-mcpadden-8087b24
Carolyn Konecny,,,Chief Financial Officer at CommUnityCare,https://www.linkedin.com/in/carolyn-konecny-9a65851a
Scott Ruff,Chief Technology Officer,Morgan HealthCare Consulting (MHCC),Chief Technology Officer at Morgan HealthCare Consulting,https://www.linkedin.com/in/scott-ruff-68396713
Cathi Coney,Chief Pharmacy Officer,HHS Office of Inspector General,Chief Pharmacy Officer Office of Inspector General HHS,https://www.linkedin.com/in/cathi-coney-80777035
Andrew Gardner,Chief Data Strategist,Lifely Insights,"Chief Data Strategist / Co-Founder Lifely Insights, Inc.",https://www.linkedin.com/in/andrew-gardner-37934114
"Clara Hollis, LCSW, MS-HCM",Chief Executive Officer,Wellbridge Behavioral Hospital of San Marcos,"Chief Executive Officer, Wellbridge Behavioral Hospital of San Marcos",https://www.linkedin.com/in/clarahollislcsw
Lori Cook,Chief of Staff,Dell Medical School at The University of Texas at Austin,"Chief of Staff at Dell Medical School, University of Texas at Austin",https://www.linkedin.com/in/loricookmpp
Taylor Shults Philley,Chief Operations Officer,Capitol Home Health,"Chief Operations Officer at Capitol Home Health, Hospice, & Senior Care",https://www.linkedin.com/in/taylorshults
John Babineau,,,Chief Dental Director and Partner at Dental Health Management Solutions. Inc,https://www.linkedin.com/in/john-babineau-6a6067a
Stephanie Lee McDonald,Chief of Staff,Central Health,Chief of Staff,https://www.linkedin.com/in/stephanie-lee-mcdonald-21149b9
Brant Robinson,,,Chief Executive Officer at Cornerstone Healthcare Group,https://www.linkedin.com/in/brant-robinson-b970901
Jennifer Schoenduby-Edwards,"Chief Operating Officer, Co-Founder",Jovana Rehabilitation Medicine & Pain,Chief Operating Officer & Licensed Realtor,https://www.linkedin.com/in/jenniferschoenduby
Lauren Brandt,Chief Clinical Officer,Central Texas Rehabilitation Hospitl,Chief Clinical Officer,https://www.linkedin.com/in/lauren-brandt-84410944
"E. Charles Osterberg, MD",Chief of Urology,UT-Dell Seton Medical Center at Seton Healthcare Family,Assistant Professor at University of Texas - Dell Medical School; Chief of Urology at Dell-Seton Medical Center,https://www.linkedin.com/in/e-charles-osterberg-md-01b0082
Todd Cook,,,Chief Administrative Officer at Little River Healthcare,https://www.linkedin.com/in/todd-cook-8392917
Alexander Candelario,,,Chief Executive Officer at Intiva Health,https://www.linkedin.com/in/alexander-candelario-76b5566a
Shelli Surcouf,Chief Financial Officer,Georgetown Behavioral Health Institute,Chief Financial Officer,https://www.linkedin.com/in/shellisurcouf
Kara Cannelis,,,Co-Founder and Chief Marketing Officer at HealthyByte,https://www.linkedin.com/in/kara-cannelis-a6587b50
Bruce Johnson,"Principal, Partner, Chief Development Officer",Arise Vascular,"Principal, Partner, Chief Development Officer at Arise Vascular, Arise Management, Arise Ventures",https://www.linkedin.com/in/brucejohnsonsurgery
Donna Grace,,,Chief Nursing Officer at Northwest Hills Surgical Hospital,https://www.linkedin.com/in/donna-grace-394bb917
giovanni TORRI,,,CHIEF TECHNOLOGIST at PREFERRED IMAGING,https://www.linkedin.com/in/giovanni-torri-a19169a0
Shaun Kwan,,,"Chief Operating Officer at Greater Austin Allergy, Asthma & Immunology",https://www.linkedin.com/in/shaunkwan
Donny Carlton,,,Chief Commercial Officer at American Reserve Investments,https://www.linkedin.com/in/donny-carlton-17376829
"Michael Minks, MBA",,,"Chief Information Officer, Seton Ministry at Ascension Health Information Services (AHIS)",https://www.linkedin.com/in/michael-minks-mba-5191194
RICHARD HUFFMAN,,,Chief CRNA at Balcones Pain Consultants,https://www.linkedin.com/in/richard-huffman-36baa631
Suzy Feikema Beeler,Interim Chief Quality Officer,Ascension Texas (Seton Healthcare Family),Interim Chief Quality Officer for Ascension Texas (Seton Healthcare Family),https://www.linkedin.com/in/suzy-feikema-beeler-021951
Steve Shumpert,,,Chief Executive Officer at Sonic Healthcare USA,https://www.linkedin.com/in/steve-shumpert-16599037
Gil Mojica,,,Chief Administrative Officer at River City Imaging Associates,https://www.linkedin.com/in/gil-mojica-6463b67
Loren McDonough,,,Chief Financial Officer at ACE Academy,https://www.linkedin.com/in/loren-mcdonough-6493377
Bob Presley,Chief Legal Officer,The Austin Diagnostic Clinic,Chief Legal Officer at ADC,https://www.linkedin.com/in/bob-presley-b050a69a
Teresa Gardner,,,Assistant Chief at Austin-Travis County Emergency Medical Services,https://www.linkedin.com/in/teresa-gardner-53804b56
"Shane Littleton, MHA",,,Regional Manager/Chief Operational Officer at Chisholm Trail Pediatrics,https://www.linkedin.com/in/shane-littleton-mha-a51aa07
Selena Sierra,,,Chief Operations Officer at 8118 Dental Professionals,https://www.linkedin.com/in/selena-sierra-5365471
"David Martin, MD, MHA",,,Chief Medical Officer (VP of Medical Staff) at St. Davids HealthCare,https://www.linkedin.com/in/david-martin-md-mha-48960832
Lance Lunsford,Chief Marketing/ Business Development Officer and HealthSHARE interim president/ CEO,Texas Hospital Association,Chief Marketing/ Business Development Officer and HealthSHARE President/ CEO at Texas Hospital Association,https://www.linkedin.com/in/lancelunsford
Jessica Stroble,,,Chief of Staff at Banfield Pet Hospital,https://www.linkedin.com/in/jessica-stroble-00732347
Maureen Sumalinog,"Chief Technologist, Laboratory Manager",Baylor Scott & White Health,Chief Medical Technologist at Baylor Scott & White Health,https://www.linkedin.com/in/msumalinog
Thomas Magness,,,Chief Operating Officer at MedExperts,https://www.linkedin.com/in/thomas-magness-83a43a21
Clayton Nixon,Co-Owner and Chief Editor,"Game Engine Media, LLC",,https://www.linkedin.com/in/clayton-nixon-3032b0a
"Jon Calvin, CPA,CMA,CHFP",,,Chief Financial Officer at Lone Star Circle of Care,https://www.linkedin.com/in/jon-calvin-cpa-cma-chfp-39777a8
Joe Saldana,,,Chief Nursing Officer/Chief Operating Officer at Reliant Austin Rehabilitation Hospital,https://www.linkedin.com/in/joe-saldana-99a12539
"Linda D. Lee DrPH, MBA",Executive Vice President and Chief Science Officer,American Green Technology,Executive Vice President and Chief Science Officer at American Green Techology,https://www.linkedin.com/in/linda-d-lee-drph-mba-41b109a
Parker Palmer,,,"Chief Operations Officer at ABCement, LLC",https://www.linkedin.com/in/parkerspalmer
"Julie Rennecker, PhD, BSN",Chief Experience Officer,"WW Third Rock, Inc.","Chief Experience Officer, Third Rock, Inc. | CompassDB HIPAA Compliance Platform julie.rennecker@thirdrock.com",https://www.linkedin.com/in/julierennecker
Ed McPadden,Chief Medical Dosimetrist /Assistant Physicist,Austin Cancer Centers,Chief Medical Dosimetrist at Austin Cancer Centers,https://www.linkedin.com/in/ed-mcpadden-14a7431
"Thomas G. Harvey, Jr., CPA",,,Chief Financial Officer at Forest Park Medical Center-Austin,https://www.linkedin.com/in/thomas-g-harvey-jr-cpa-59b51334
Wendy Stuart,,,Chief Nursing Officer at St. Davids HealthCare,https://www.linkedin.com/in/wendy-stuart-04825747
Avi Mukherjee,Chief Technology Officer,"MAP Health Management, LLC",CTO | CPO | CIO | Healthcare Product and Technology Executive | Entrepreneur,https://www.linkedin.com/in/avishekmukherjee
Justin Harvey,Chief Executive Officer,The Arbor Behavioral Healthcare,CEO at The Arbor Behavorial Healthcare. Co-Founder- Renew Logic,https://www.linkedin.com/in/harveyjl26
Michael Willoughby,Chief Commercial Officer,Genotox Laboratories,"Helping physicians & pain management clinics prevent opioid addiction, uncover diversion & ensure medication compliance",https://www.linkedin.com/in/michael-willoughby-40a2413a
Eric Johnson,Chief Executive Officer,Ascension Dental,CEO at Ascension Dental,https://www.linkedin.com/in/eric-johnson-289a93102
David Pearson,President and Chief Executive Officer,Texas Organization of Rural & Community Hospitals,"Association Exec, Hospital Advocate & CEO of TORCH",https://www.linkedin.com/in/davidpearson2
Rick Peters,Chief Information Officer,Dell Medical School at The University of Texas at Austin,CIO - Dell Medical School at The University of Texas at Austin,https://www.linkedin.com/in/rick-peters-b5a6355
Fernando Martinez Ph.D.,SVP | Chief Digital Officer,Texas Hospital Association,"Technology Strategist, Healthcare Executive",https://www.linkedin.com/in/mrfernandomartinez
Duke Saldivar,Chief Executive Officer,Warm Springs Rehabilitation Hospital of Kyle,"CEO at Warm Springs Rehabilitation Hospital of Kyle, TX",https://www.linkedin.com/in/duke-saldivar-b273a43
Saundra Monroe,Chief Product Owner,SourceMed,"Analytics, Product Managment, and Healthcare Operations",https://www.linkedin.com/in/saundra-monroe-03a67821
Billie Anne Schoppman,Co Founder & Chief Mission Officer,Prista Corporation,The character of any team is reflected in the standards it sets for itself,https://www.linkedin.com/in/billieanne
Marcus Gitterle,Chief Executive Officer,"Woundcentrics, LLC","CEO WoundCentrics, LLC",https://www.linkedin.com/in/marcus-gitterle-5150035
"Igor Holas, Ph.D.",Founder & Chief of Science,Mentegram,Data + Product = Innovation,https://www.linkedin.com/in/igorholas
"David Williams, Ph.D.",Chief Executive,TrueSimple Improvement (www.truesimple.com),Executive Director at the Institute for Healthcare Improvement,https://www.linkedin.com/in/dmwilliams
Kasondra Kistner,Chief Nursing Officer,Healthsouth Rehabilitation Hospital of South Austin,CNO Healthsouth South Austin,https://www.linkedin.com/in/kasondra-kistner-b5575331
Robert Jacob Lerma,Chief Executive Officer,UHS,CEO at Austin Lakes Hospital,https://www.linkedin.com/in/robert-jacob-lerma-48990350
Mike Blom,Chief Information Officer,HCA,CIO,https://www.linkedin.com/in/mike-blom-2bab825
Dr. Sally W. Gillam,Chief Nursing Officer SDSAMC,HCA,"DNP, MAHS, RN, NEA-BC. CNO at St. Davids South Austin Medical Center",https://www.linkedin.com/in/dr-sally-w-gillam-37a8b610
Luke Thomas Redman,Chief Executive Officer,Hospital Internists of Texas & Care Protocols,"CEO at Hospital Internists Of Texas, a diversified internal medicine firm",https://www.linkedin.com/in/ltredman
"Joe Davis-Fleming, MS, FACHE, FHFMA",Chief Executive Officer,Obijackson Childrens Hospital,Hospital Administrator/ Management Consultant at CURE Health Management Services,https://www.linkedin.com/in/joe-davis-fleming-ms-fache-fhfma-301b964
Iliana Gilman,Chief Executive Officer,El Buen Samaritano Episcopal Mission,CEO at El Buen Samaritano,https://www.linkedin.com/in/iliana-gilman-3b3192
Steve Wardle,Chief Executive Officer,Iris Plans,"CEO, Iris Plans",https://www.linkedin.com/in/steve-wardle-a478bb1
Eric Neuhaus,Chief Cow Whisperer,"Red Roof Ranch, LLC",CEO at TrueFuneral,https://www.linkedin.com/in/eric-neuhaus-3891266
Stephanie Guerin,Market Chief Nursing Officer,"Reliant Hospital Partners, LLC",Market CNO Reliant Central Texas and Reliant Austin,https://www.linkedin.com/in/stephanie-guerin-5b89b75
David Laird,Chief Executive Officer,Heart Hospital of Austin,CEO at Heart Hospital of Austin,https://www.linkedin.com/in/david-laird-53798911
Debi Brannan,Chief Business Development Officer,Austin Radiological Association,Experienced Business Development and Marketing Executive,https://www.linkedin.com/in/debi-brannan-a0300b11
Dan (Danut) Prisacaru,Chief Technology Officer (Small Business),Seven Hills Womens Health,Senior Applications Architect at Accruent,https://www.linkedin.com/in/danut
Peter J. Hicks,Chief Operating Officer,MedicOne Medical Response,Professional in leadership development,https://www.linkedin.com/in/peterjameshicks
Tom Caven,Chief Medical Officer,Dell Seton Medical Center at University of Texas,Vice President Medical Affairs at UMC Brackenridge Hospital,https://www.linkedin.com/in/tom-caven-63223419
Phillip LaJoie,Chief Executive Officer,"THEE, LLC",Director of Operations - 2bPrecise Precision Medicine,https://www.linkedin.com/in/phillip-lajoie-55a20319
"Brian Henry, MHA",Chief Strategy Officer,"Aplacare, Inc.",Healthcare Policy & Strategy / Virtual Care / Artificial Intelligence,https://www.linkedin.com/in/gbhenry
"Chuck Durant, Jr. FACHE",Chief Executive Officer,"CALHOUN - LIBERTY HOSPITAL ASSOCIATION, INC.",Healthcare and Health Information Technology Executive,https://www.linkedin.com/in/cdurantfache
Tammy Smittle,Chief Operations Officer,Arise Austin Medical Center,--,https://www.linkedin.com/in/tammy-smittle-b8a09696
"Deb Brown, RN, BSN, MHA",Vice President Patient Care Services and Chief Operating Officer,"Dell Childrens Medical Cntr, Austin TX",at,https://www.linkedin.com/in/deb-brown-rn-bsn-mha-16278a21
Christie Garbe,Vice President & Chief Strategy Officer,Central Health,Healthcare Executive building strategic partnerships for improved population health,https://www.linkedin.com/in/christiegarbe
Allyn Johnson,Chief Executive Officer,Vineyard Healthcare,"CEO, Vineyard Healthcare",https://www.linkedin.com/in/allyn-johnson-59538525
"Rachel Hanss, LCSW",Chief Operating Officer,Health Alliance for Austin Musicians,"COO, Health Alliance for Austin Musicians & Owner Redbud Wellness",https://www.linkedin.com/in/rachelhanss
Sara Mohamedy,Editor | Chief Content Editor | Managing Editor,Virtual Mosque,Texas Healthy Adolescent Initiative Program Intern at Peoples Community Clinic,https://www.linkedin.com/in/sara-mohamedy-4332b062
Susan MacLeod,"Chief Executive Officer, Lakeway Regional Medical Center",Quorum Health Resources (QHR),"Executive Director, Accountable Care Organizations at Quorum Health Resources (QHR)",https://www.linkedin.com/in/susan-macleod-16ab0a13
Patrick Murphy,Chief Executive Officer,Amada Senior Care,Amada Senior Care,https://www.linkedin.com/in/patrickmurphy8
"Kelli Wright RN, MHA",Chief Nursing Officer,Georgetown Behavioral Health Institute,Nursing Leadersip,https://www.linkedin.com/in/kelli-wright-rn-mha-b9b55552
derek cunningham,Chief Medical Editor,Advanced Ocular Care,Host of Innovations in Clinical Practice at eyetubeod.com,https://www.linkedin.com/in/derek-cunningham-05231921
Scott Vandigriff,Chief Executive Officer,"Medical Economics, LLC",Helping Seniors Gain Access to Dental Care,https://www.linkedin.com/in/scott-vandigriff-89330111
Brian Wichman,"Chief Medical Physicist, Central Texas Region",Texas Oncology,"Director, Medical Physics Residency Program at Texas Oncology",https://www.linkedin.com/in/brian-wichman-88aa2839
Patrick Denney,Chief Technical Officer,Envoy Innovations,CTO at Envoy Innovations,https://www.linkedin.com/in/patrick-denney-11865530
Brian Blaylock,"Founder, President, and Chief Executive Officer",Seven Strand Luxury Senior Living,Senior Healthcare Executive & Entrepreneur,https://www.linkedin.com/in/brian-blaylock-a816608
Chris Willis,Chief Executive Officer,"Guiding Hospice, Inc.","CEO at Guiding Hospice, Inc.",https://www.linkedin.com/in/chris-willis-679295102
Edward Bolton,Chief Executive Officer & President,Nexus Medical Consulting,CEO & President at Nexus,https://www.linkedin.com/in/edward-bolton-79291732
Willie Lopez,Chief Operating Officer,Community Care Collaborative,"VP, Public Health Alliances at Seton Healthcare Family",https://www.linkedin.com/in/willie-lopez-6ab1778
Tal Shohamy,Chief Executive Officer,Austin Childrens Dentistry,"CEO, Austin Childrens Dentistry",https://www.linkedin.com/in/tal-shohamy-8379a11
Kent Herring,Chief Executive Officer,Family Eldercare,"Family Eldercare, CEO",https://www.linkedin.com/in/kent-herring-95b5a464
Cindy Puente,VP/Associate Chief Nurse Officer,Baylor Scott & White Health,VP/Associate CNO,https://www.linkedin.com/in/cindy-puente-311a6a24
Ethan L.,Finance & Modeling Chief,Texas Free Market Surgery,Healthcare Technology & Innovation,https://www.linkedin.com/in/ethanlee
Russell Merka,Chief Information Officer,Lakeview NeuroRehabilitation,VP - Information Technology at Lakeview NeuroRehabilitation,https://www.linkedin.com/in/russell-merka-4127712a
SANAM KOIRALA,Lab Manager/Chief technologist,Hamilton General Hospital,Director of Laboratory Services at HAMILTON GENERAL HOSPITAL,https://www.linkedin.com/in/sanam-koirala-65b4a721
Jeff Daniel,"Chief Executive Officer, Founder",Collaborative Research,"President and CEO, Collaborative Research, LLC",https://www.linkedin.com/in/danieljeff
Michele Mitchell,Administrator/Chief Operating Officer,Consultants in Womens Health,COO/Administrator at Northeast OB/GYN dba Consultant in Womens Health,https://www.linkedin.com/in/michele-mitchell-51469064
Sitty Spence,"Chief Technologist, Manager",Scott & White Healthcare,Administrative Lab. Director Hill Country Region Baylor Scott & White Healthcare,https://www.linkedin.com/in/sitty-spence-25966061
bob schlechter,Surgeon-in-Chief,"Dell Childrens Medical Cntr, Austin TX",Pediatric Surgery,https://www.linkedin.com/in/bob-schlechter-bb245127
"Eva Riquelme - MPAff, PMP","Chief Administrative Officer, Texas Medicaid Healthcare Partnership",Accenture,Health & Public Service - Account Delivery/ Strategic Healthcare Leader,https://www.linkedin.com/in/riquelmetx
David M.,Chief Executive Officer,"CodingDepartment.com, Inc.",B. P. O. Healthcare Executive specializing in ICD-10 coding,https://www.linkedin.com/in/david-m-895b8830
"Joshua Silva, MBA, Ed.D (ABD)",Chief Financial Officer,Freelance,Providing executive education and networking solutions for the healthcare industry,https://www.linkedin.com/in/joshuasilva1
Molly Tomlin,Chief Compliance Officer,Total Home Health,Director of Clinical Practice && Regulatory Affairs at The Texas Association for Home Care & Hospice,https://www.linkedin.com/in/molly-tomlin-51644a18
"Christopher J Simmons, MPH",Chief Operating Officer,Strategic Health,"Decision Support, Special Projects at Texas Department of Family and Protective Services",https://www.linkedin.com/in/simmonschristopherj
Kristin Powers,"Co-founder, Chief Clinical Officer",ImSick Mobile / Disruptive Healthcare Technologies,ER Nurse Practitioner at Emerge Physicians,https://www.linkedin.com/in/kristin-powers-8a484642
John Loyd,"Chief, Division of Neonatology Dell Childrens Hospital/Seton Healthcare",Ascension,Assistant Professor of Pediatrics at Dell Medical School at The University of Texas at Austin,https://www.linkedin.com/in/john-loyd-b049784
Christina Lipton,Chief Operating Officer,"Criterion Health Care, Inc.","COO/Partner at Criterion Health Care, Inc.",https://www.linkedin.com/in/christinalipton
Tyler Fleck,Chief of Operations of Practice Building and Physician Relations,"Flannery and Associates Healthcare Consultants, LLC","Healthcare Executive with leadership and team building experience in Austin, TX",https://www.linkedin.com/in/tyler-fleck-125078b7
Charles Durant,Chief Executive Officer,Calhoun Liberty Hospital Assoc,Hospital & Health Care Professional,https://www.linkedin.com/in/charles-durant-892517a2
Rakesh Surapaneni,Co-Founder & Chief Operating Officer,Hygiea Solutions LLC / DesiMD Healthcare Pvt Ltd,Physician at Scott & White Healthcare,https://www.linkedin.com/in/rakesh-surapaneni-89490391
"Ashley Daniels, CPM",Senior Executive Assistant to President and Chief Medical Officer,Baylor Scott & White Health,"Senior Executive Assistant, Administration at Baylor Scott & White Healthcare",https://www.linkedin.com/in/ashley-daniels-cpm-20686b6a
"Misha Lambeth Diden, CPC, CMPE, CHC","Director, Compliance / Chief Compliance Officer",Texas Diabetes & Endocrinology,Experienced Healthcare Professional,https://www.linkedin.com/in/misha-lambeth-diden-cpc-cmpe-chc-1a877418
Connie McFadden,Chief Operations Officer,"Sendero Health Plans, Inc.",at,https://www.linkedin.com/in/connie-mcfadden-5644556a
Steve (Xuelai) Wang,Chief Operating Officer (COO),"ConfPlus,Inc.",Business Development Manager,https://www.linkedin.com/in/xuelaiw
Aurora Brinkman,Associate Cabin Counselor and Chief Cabin Counselor,Camp C.A.M.P.,"Biology and Psychology Student, Undergraduate Researcher, Caretaker",https://www.linkedin.com/in/aurorabrinkman
Jason Cole,Regional Chief Financial Officer,BaylorScott&White Health,Regional CFO BaylorScott&White Health,https://www.linkedin.com/in/jason-cole-993877
"Mark Divino, CPA",Chief Financial Officer,"NBP, LLC",Healthcare CFO,https://www.linkedin.com/in/markdivino
"Laurie East, MBA, CPA, FACMPE",Operating as Chief Operations Officer,Seton Healthcare Family - Pediatric Specialty Services,Healthcare CFO | Healthcare VP / COO | Physician Practice Executive | Executive Director Non-Profit,https://www.linkedin.com/in/laurie-east
"Kevin Craven, MBA, BSN, RN",Chief Executive Officer,"Premier Medical-Legal Consulting, LLC",Hospital & Healthcare operations. Medical Legal Consulting.,https://www.linkedin.com/in/kevin-craven-mba-bsn-rn-8a68131
April Arzate MBA,Chief Executive Officer and Founder,Sertus Medical Billing,"Optimal Performance Solutions for Healthcare Practices, Billing Companies and BPOs",https://www.linkedin.com/in/aprilarzate
"Dr. Surahata Ceesay, PhD., LNFA, PPMTT",President and Chief Executive Officer,Porokhan International,--,https://www.linkedin.com/in/dr-surahata-ceesay-phd-lnfa-ppmtt-3064a751
Brent Hardaway,,,"Vice President - Population Health Consulting Services at Premier, Inc.",https://www.linkedin.com/in/brent-hardaway-58a0992
Kristi Henderson,"VP, Virtual Care & Innovation",Seton Healthcare Family,"VP, Virtual Care & Innovation, Clinical Professor of Population Health at Dell Medical School at UT Austin",https://www.linkedin.com/in/kristi-henderson-049b4b58
Jordan Lopez,,,Achiever | Competition | Command | Leader,https://www.linkedin.com/in/jordan-lopez-37858413a
Apryl Haynes,"VP, COO",Seton Edgar B. Davis Hospital,"VP, COO",https://www.linkedin.com/in/apryl-haynes-07494847
Michael Spears,VP of Business Development / Co-Founder,"Rapid Radiology, Inc","Executive Vice President at Rapid Radiology, Inc",https://www.linkedin.com/in/spearsmike
Mary Viney,,,Vp Network Services at Seton Family of Hospitals,https://www.linkedin.com/in/mary-viney-106b0316
juan garza,,,VP Finance and Development at Central Health Connection,https://www.linkedin.com/in/juan-garza-37698b61
Bill Pastore,Senior VP,UnitedHealth Group,President at Health Leadership Strategies LLC,https://www.linkedin.com/in/bill-pastore-1024366
Dennis Jakubowicz,,,VP of Sales & Marketing at iN2L where we empower lives through technology.,https://www.linkedin.com/in/dennis-jakubowicz-6902856
Mitchell Morris,,,"Executive Vice President, OptumInsight",https://www.linkedin.com/in/mitchell-morris-a2b3781
"Jeremy Riddle, LPC-S, ATR-BC",,,Vice President of Clinical Operations at Cenpatico,https://www.linkedin.com/in/jeremy-riddle-lpc-s-atr-bc-6a975b98
Drew Morton,,,Senior Vice President & Chief Human Resources Officer at Hanger,https://www.linkedin.com/in/drewmorton
Debbie Jefferson,,,"Senior Vice President, Revenue Cycle Services",https://www.linkedin.com/in/debbie-jefferson-8b67b89
Blair Wagoner,,,Vice President of Sales,https://www.linkedin.com/in/blairwagoner
Lee Hughes,,,Executive Vice President at NewLight Healthcare,https://www.linkedin.com/in/lee-hughes-45b70410
Bill Linder,,,Vice President of Operations at Surgical Care Affiliates,https://www.linkedin.com/in/bill-linder-99867a
Raymond Anderson,,,Senior Vice President and Chief Strategy Officer at Seton Healthcare Family,https://www.linkedin.com/in/raymond-anderson-85348576
"Mary-Katherine Kutac, PHR",,,Vice President of Human Resources at Centene Corporation,https://www.linkedin.com/in/mary-katherine-kutac-phr-21736621
Joseph Brown,,,Vice President of Operations at Baylor Scott & White Health,https://www.linkedin.com/in/joseph-brown-15a0b78
Jenny Colton,,,"Vice President, Medicaid Business Development & Strategy at Anthem",https://www.linkedin.com/in/jenny-colton-a725a33
Varadharajan Ramasamy,,,Associate Vice President at IKS Health Pvt Ltd,https://www.linkedin.com/in/varadhar1978
Lisa Neal,,,"Vice President, Compliance @ Superior HealthPlan",https://www.linkedin.com/in/lisa-neal-5311a092
Robin Dufresne,,,"Vice President and Director, Healthcare and Human Services at CSG Government Solutions",https://www.linkedin.com/in/robin-dufresne-01b92919
Ben Chapman,,,Vice President of Sales at Kinnser Software,https://www.linkedin.com/in/benjaminpaulchapman
Tony Jones,,,Vice President at Clinical Pathology Laboratories,https://www.linkedin.com/in/tony-jones-7588091
Julie Hajek,,,Regional Vice President of Human Resources - St. Davids Healthcare,https://www.linkedin.com/in/julie-hajek-060b413
"Lisa Molnar, ARM, PHR, BAC",,,"Executive Vice President, Employment Resources at HHS - Hospital Housekeeping Systems",https://www.linkedin.com/in/lisa-molnar-arm-phr-bac-55770928
Ceri Mackenzie,,,Vice President of Wellness at Civitas Senior Living,https://www.linkedin.com/in/ceri-mackenzie-26316798
Marysol Imler,,,Vice President of Operations Freestanding Emergency Services,https://www.linkedin.com/in/marysol-imler-7242159
Denise Bradley,,,Vice President of Communication & Community Affairs at St. Davids HealthCare,https://www.linkedin.com/in/denise-bradley-b704b346
Greg Sheff,,,"Executive Vice President, Chief Medical Officer at AccentCare, Inc.",https://www.linkedin.com/in/greg-sheff-78419b53
Brian L. Robbins,,,Vice President at Buckner Retirement Services,https://www.linkedin.com/in/brianrobbins2
Ryan Jorde,,,Regional Vice President of Sales at Abode Healthcare,https://www.linkedin.com/in/ryanjorde
Bob Martin,,,"Vice President, Human Resources at Austin Regional Clinic/Covenant Management Systems",https://www.linkedin.com/in/bob-martin-8557463
Rocky Wilcox,,,Vice President & General Counsel at Texas Medical Association,https://www.linkedin.com/in/rocky-wilcox-1837285
Michael Stevenson,,,Vice President Of Product Management at Evariant,https://www.linkedin.com/in/michaelstevensonpt
Ronald Crossno,,,"Vice President, Medical Affairs, and Chief Medical Officer at Kindred at Home",https://www.linkedin.com/in/rcrossno
Donna Langbein,,,"Assistant Vice President, Physician & Provider Relations at St. Davids HealthCare/HCA",https://www.linkedin.com/in/donna-langbein-05726022
LinkedIn Member,,,,
RoxAnn Dominguez,,,Vice President Managed Care at ReCept Pharmacy,https://www.linkedin.com/in/roxann-dominguez-9680b434
jeramy summers,,,Vice President of Regional Operations at Brookdale,https://www.linkedin.com/in/jeramy-summers-73412445
Chad Simpson,,,Regional Vice President of Operations at Discovery Senior Living,https://www.linkedin.com/in/chad-simpson-619649a
Michele Downey,,,Vice President Operations TeamHealth,https://www.linkedin.com/in/michele-downey-1b55b619
Julie Chicoine,,,Senior Vice President and General Counsel,https://www.linkedin.com/in/jchicoinegc
Thad Puckett,,,"Vice President for Business Development, Karis Health Choice at The Karis Group",https://www.linkedin.com/in/thadpuckett
Jeff Schoeneberg,,,"Vice President, Total Rewards & HRIS at Hanger, Inc.",https://www.linkedin.com/in/jeffschoeneberg
Roderick Carbonell,,,Vice President Physician Services at St. Davids HealthCare / HCA Physician Services,https://www.linkedin.com/in/roderick-carbonell-20433744
Stephanie Rogers,,,Vice President Government Programs,https://www.linkedin.com/in/stephanie-rogers-b7172811
Claire Saenz MHA,,,Regional Vice President of Sales at Healthcare IP,https://www.linkedin.com/in/claire-saenz-mha-38631910
Satish Cheema,,,"Vice President,Entrepreneurship and Healthcare Analytics",https://www.linkedin.com/in/satish-cheema-b494b31
Kenneth Lanier,,,Senior Vice President Operations,https://www.linkedin.com/in/kenneth-lanier-94aa6014
Jason Combs,,,Vice President at Chardonnay Dialysis Inc,https://www.linkedin.com/in/jason-combs-b2974944
Kalunde Wambua-Weaver,,,"Vice President, Superior Health Plan",https://www.linkedin.com/in/kalunde-wambua-weaver-bb54284
Renee Gonzales,,,Assistant Vice President for Research at The University of Texas at Austin,https://www.linkedin.com/in/renee-gonzales-12282085
Gabriela Saenz,,,Vice President- Advocacy & Public Policy at CHRISTUS Health,https://www.linkedin.com/in/gabriela-saenz-a6b6b056
Katy Turner,,,Vice President at GLG (Gerson Lehrman Group),https://www.linkedin.com/in/katy-turner-14868326
Cesar Nava,,,"Vice President Information Technologies at Nuvimedix, LLC",https://www.linkedin.com/in/cesarnava
Joel Steele,,,Vice President of Information Systems at HHS - Hospital Housekeeping Systems,https://www.linkedin.com/in/joel-steele-8b616119
Jade Winters,,,"Vice President, Business Development, Satellite Healthcare",https://www.linkedin.com/in/jade-winters-63297214
Oon Soo Ung,,,Vice President Finance - Operations at Seton Healthcare Family,https://www.linkedin.com/in/oon-soo-ung-648a8256
Trey Dart,,,Vice President Strategic Accounts at Parallon,https://www.linkedin.com/in/trey-dart-4842b44
"Craig R. Fisher, MHA, FACHE",,,"Vice President, Clinic Operations (Austin)",https://www.linkedin.com/in/craig-r-fisher-mha-fache-52288713
David Jinright,,,"Vice President, Post-Acute Care, Ensign Services Inc.",https://www.linkedin.com/in/david-jinright-80909027
Karim Prasla,,,"Vice President, Clinical Outcomes Analytics and Research at Magellan Health Services",https://www.linkedin.com/in/karim-prasla-2407947
Katie Kleinsmith Csobaji,,,"Senior Vice President, Senior Living at Caddis",https://www.linkedin.com/in/katie-kleinsmith-csobaji-754a7320
Darin Breitschopf,,,"Senior Vice President, Business Strategy and Managed Markets",https://www.linkedin.com/in/darin-breitschopf-13662913
Staton Shed,,,Vice President of Business Integration,https://www.linkedin.com/in/staton-shed-3b139a8
Nyle Leftwich,,,Vice President at Boon Chapman,https://www.linkedin.com/in/nyle-leftwich-20004042
Brett Arnold,,"rrent: ...2009 - 2012 VP, Solutions... , VP, Innovation",Vice President of Innovation at Cotiviti Healthcare,https://www.linkedin.com/in/brett-arnold-5286082
"Jennifer Haas, PMP",,,Vice President at MAXIMUS,https://www.linkedin.com/in/jennifer-haas-pmp-32317a
Noah Bunker,,,Regional Vice President at MEDNAX,https://www.linkedin.com/in/noah-bunker-aabb4b35
"Christopher Meola, CPPM",,,Vice President of Operations at Equalize RCM Services,https://www.linkedin.com/in/christophermeola
Roland Valle,,,Associate Vice President of Provider Relations Amerigroup,https://www.linkedin.com/in/roland-valle-630a2a4
Patrick Murphy,,,Senior Vice President at United Surgical Partners International,https://www.linkedin.com/in/patrick-murphy-1432159
Katherine Rosen,,,"Vice President, Finance - Hanger Clinic at Hanger, Inc.",https://www.linkedin.com/in/katherine-rosen-b978286
Tim OHara,,,Senior Vice President at The Advisory Board Company,https://www.linkedin.com/in/tim-o-hara-24a47a
Debbie Angus,,,"Vice President, Finance at Seton Healthcare Family",https://www.linkedin.com/in/debbie-angus-2a629738
Marybeth Thompson,,,Vice President Marketing,https://www.linkedin.com/in/marybeth-thompson-b741a021
Wayne King,,,"Vice President, National Accounts at American Contract Systems",https://www.linkedin.com/in/wayne-king-9349a51
Lauren Lafayette,,,Vice President- Aspire Medical Staffing,https://www.linkedin.com/in/lauren-lafayette-a5583834
Elizabeth Racine,,,"Vice President Clinical, Texas",https://www.linkedin.com/in/elizabeth-racine-5a740578
carol wratten,,,Vice President of Medical Affairs Seton Medical Center Austin,https://www.linkedin.com/in/carol-wratten-6a5b3015
Brian Portewig,,,"Associate Vice President, Client Services at MedeAnalytics Inc",https://www.linkedin.com/in/brian-portewig-34969610
Steven Feist,,"rrent: Leading the newly... , served 2 years as as VP...",Senior Vice President at LogistiCare,https://www.linkedin.com/in/steven-feist-723542
Mike Wojcik,,,Associate Vice President at Intuition HIT Solutions,https://www.linkedin.com/in/mikewojcik174
Rob Case,,,Vice President - Operations at PBHS (Performance Based Healthcare Solutions),https://www.linkedin.com/in/robcase
Jon Cressman,,,Vice President- Continental Group /HHS,https://www.linkedin.com/in/jon-cressman-29802b57
Dawn Kindhart,,,Regional Vice President of Operations at Compassus,https://www.linkedin.com/in/dawn-kindhart-2a459447
Bill Grey,,,"Assistant Vice President, Rehab Services at HCA",https://www.linkedin.com/in/bill-grey-ab66192
Michelle Miller,,,"Regional Vice President, Clinical Quality at UnitedHealthcare",https://www.linkedin.com/in/michelle-miller-40ba674
Tracy Rawls Eilers-Johnson,,,"Vice President, Specialty Populations and Training at Cenpatico",https://www.linkedin.com/in/tracy-rawls-eilers-johnson-977402
Kerry Strahan,,,Regional Vice President (Texas) for Nurse On Call,https://www.linkedin.com/in/kerry-strahan-9b01aa12
Bret Baumann,,,Vice President at Roswell Medical,https://www.linkedin.com/in/bret-baumann-9165166
Sylvia Mata,,,"Vice President of Insurance Operations at Bay Bridge Administrators, LLC",https://www.linkedin.com/in/sylvia-mata-8996b63
Erika Fokken,Vice President of patient experience,HHS - Hospital Housekeeping Systems,Vice President of patient experience,https://www.linkedin.com/in/erika-fokken-62b09890
Kavon Noorizadeh,,,Vice President of Finance at Sundance Memory Care,https://www.linkedin.com/in/kavon-noorizadeh-95170b7
Stephanie Guerra,,,Vice President Board of Directors at Transgender Education Network of Texas,https://www.linkedin.com/in/stephanie-guerra-670a1933
"Amber Broadwater, MBA, LHRM, RHIA",,,"Vice President, Client Services",https://www.linkedin.com/in/amber-broadwater-mba-lhrm-rhia-591b7031
"Hamel J. Patel, MBA",,,Vice President - Operations (Ambulatory Surgery Division) at HCA,https://www.linkedin.com/in/hamelpatel
"Debra Dowden, CPA",,,"Executive Vice President of Accounting at HHS - Hospital Houskeeping Systems, LLC",https://www.linkedin.com/in/debra-dowden-cpa-8a006525
"Michael Draine, MBA",,,"Vice President Sales, Integrated Care Group at Fresenius Medical Care of North America",https://www.linkedin.com/in/michael-draine-mba-70a94023
Bertha Garza,,,Vice President of Operations at Regency Nursing and Rehabilitation Centers,https://www.linkedin.com/in/bertha-garza-46017955
"Charles Thompson, CPA",VIce President-Finance and Adminiatration,ONR,Vice President-Finance and Administration,https://www.linkedin.com/in/charles-thompson-cpa-1679769
Colleen Sundquist,,,"VP Clinic Operations, Baylor Scott & White Health",https://www.linkedin.com/in/colleen-sundquist-6870a02
Tony Cain,,,President at Managed Care 360,https://www.linkedin.com/in/tony-cain-36a2bb2
Janice Little,,,Chief Diversity Officer at McKesson,https://www.linkedin.com/in/janice-little-0410ab1
Debera Phinney,,,In-Hospital Patient Engagement,https://www.linkedin.com/in/deberaphinney
"Anthony Stahl, PhD, FACHE",,,Chief Executive Officer,https://www.linkedin.com/in/anthony-stahl-phd-fache-176b7680
Greg Moore,,,Touchstone,https://www.linkedin.com/in/greg-moore-59b57797
Stefan Werdegar,,,"Executive Search, Career Coaching, Leadership Development",https://www.linkedin.com/in/swerdegar
Phillip McCollough,,,Healthcare Industry Executive,https://www.linkedin.com/in/phillipmccollough
Suzanne Greever,,,Senior Level Healthcare Leader,https://www.linkedin.com/in/suzannegreever
Joanna Ma,,,Student at The University of Texas at Austin,https://www.linkedin.com/in/joanna-ma
"Deb Brown, RN, BSN, MHA",,,at,https://www.linkedin.com/in/deb-brown-rn-bsn-mha-16278a21
Tyler Penrod,,,"Chief Executive Officer, Penrod Enterprises",https://www.linkedin.com/in/tyler-penrod-25799453
Lindsay Wenk,,,Growing and leading services teams to deliver innovative technology,https://www.linkedin.com/in/lindsaywenk
Lina Supnet-Zapata,,,Executive Director,https://www.linkedin.com/in/lina-supnet-zapata-200ba533
Wendy Smith,,,Executive Director DSNP Product-UnitedHealthcare Community & State-Texas,https://www.linkedin.com/in/wendy-smith-24b0907a
Jonathan Morgan,,,Interim Executive Director at the Community Care Collaborative,https://www.linkedin.com/in/jonathan-morgan-47b8b357
Connie Chitwood-Vu,,,Certified Diabetes Educator,https://www.linkedin.com/in/%EF%BB%BFconnie%EF%BB%BF%EF%BB%BF-chitwood-vu%EF%BB%BF%EF%BB%BF-79148713
Jennie Campbell,,,Experienced Chief Financial Officer and operations professional,https://www.linkedin.com/in/jennie-campbell-8b17636
Christie Garbe,,,Healthcare Executive building strategic partnerships for improved population health,https://www.linkedin.com/in/christiegarbe
Ashley Hester Klinkovsky,,,Sr. Home Health Specialist at Girling Health Care,https://www.linkedin.com/in/ashley-hester-klinkovsky-9b9672a
Neil Alexander,,,Associate Principal and SVP,https://www.linkedin.com/in/neil-alexander-84aa288
Cullen Soares,,,Medical Student at Texas A&M Health Science Center,https://www.linkedin.com/in/cullensoares
Bob Brown,,,"Innova340BSolutions, LLC",https://www.linkedin.com/in/bob-brown-7a967435
"Nancy Gundersen MHA, BSN, RN",,,Director Peri-operative Services at Forest Park Medical Center,https://www.linkedin.com/in/nancy-gundersen-mha-bsn-rn-4b79b221
Krinza Prasla,,,Optometry Technician/Receptionist at Allure Eye-Care,https://www.linkedin.com/in/krinza-prasla-758133114
Tymothy O. Bryce,,,"Doctor of Acupuncture, Herbalist, Advisor, Fly Fisherman",https://www.linkedin.com/in/tymothybryce
"Linda Sculley, CAVS",,,"Community Relations Director at Orchard - Kyle, Tx Assisted Living and Memory Care",https://www.linkedin.com/in/linda-sculley-cavs-a7361416
Patrick Flannery,,,"CEO, Consultant at Flannery Healthcare Consulting, LLC",https://www.linkedin.com/in/patrick-flannery-937b5414
Erik Cardenas,"VP, Operations",WellnessFX,Vice President of Operations,https://www.linkedin.com/in/erikcardenas
Marc Lachs,VP Product Management,The Advisory Board Company,"Vice President, The Advisory Board Company",https://www.linkedin.com/in/marc-lachs-838b748
Tom Caven,VP Medical Affairs,Seton Family of Hospitals,Vice President Medical Affairs at UMC Brackenridge Hospital,https://www.linkedin.com/in/tom-caven-63223419
David J. Sadera,VP Operations,HHS - Hospital Housekeeping Systems,"HHS | Vice President, Capital Group",https://www.linkedin.com/in/davidjsadera
Toni Bensimon,VP Sales Operations,Experian Health,"Vice President, Sales Operations at Experian Health",https://www.linkedin.com/in/toni-bensimon-2059a310
Robin Leake,VP Clinical - LTC Division,Trisun Healthcare,Vice President - LTC Division at Harden Healthcare,https://www.linkedin.com/in/robin-leake-16556653
Erin Trimble,VP of Business Development,Redox,"VP of Business Development at Redox, the modern API for healthcare",https://www.linkedin.com/in/erintrimble
Wade Sanders,,,VP of Sales at Iodine Software,https://www.linkedin.com/in/wadesanders
"Ashton Cumberbatch, Jr.","VP, Advocacy & Government and Community Relations",Seton Healthcare Family,"VP, Advocacy and Government & Community Relations at Seton Healthcare Family",https://www.linkedin.com/in/ashtonc
Ryan Aubert,Regional VP Sales,"Verisma Systems, Inc.",Regional VP of Sales,https://www.linkedin.com/in/ryan-aubert-0574a67
Jeff Haggard,,,"VP, Customer Development at Vivify Health",https://www.linkedin.com/in/jeffhaggard
Lisa Doyle,"VP of Human Resources, American Group",HCA,Sr. VP of Human Resources at St. Davids HealthCare,https://www.linkedin.com/in/lisa-doyle-62a6b728
"Cyndi Roberts, PHR, SHRM-CP",,,VP Human Resources at St. Davids HealthCare,https://www.linkedin.com/in/cyndirobertshca
LinkedIn Member,VP of Dining,VP of Dining Civitas Senior Living,,
Craig Christenson,vp finance,WellPoint,VP Finance,https://www.linkedin.com/in/craig-christenson-75125714
Inga HealthIT,,,VP of R&R at Exotic Beach,https://www.linkedin.com/in/inga-healthit-4191527
Janice Johnson,,,VP Managed Care at Creative Solutions In HealthCare,https://www.linkedin.com/in/janice-johnson-34401817
Willie Lopez,,,"VP, Public Health Alliances at Seton Healthcare Family",https://www.linkedin.com/in/willie-lopez-6ab1778
Sherry Franklin,VP Market Development,"AccentCare, Inc.",\xe2\x99\xa6 VP Healthcare,https://www.linkedin.com/in/sherryfranklin
Romeo Solano,,,"VP, Technical Operations at Clinical Pathology Laboratories",https://www.linkedin.com/in/romeo-solano-3785a537
Alline Sada,,,VP of Operations at Healthcare Professionals USA,https://www.linkedin.com/in/alline-sada-44ba912
Liz Poulin,,,VP Operations at Genotox Laboratories,https://www.linkedin.com/in/liz-poulin-70666726
Liz Jennings,,,VP of Underwriting at Texas Hospital Insurance Exchange,https://www.linkedin.com/in/liz-jennings-54348024
Nathan Staggs,,,Regional VP of Operations at Newlight Healthcare,https://www.linkedin.com/in/nathanstaggs
Cindy Puente,VP/Associate Chief Nurse Officer,Baylor Scott & White Health,VP/Associate CNO,https://www.linkedin.com/in/cindy-puente-311a6a24
Kristen Johnson,,,"VP of Operations at Provident Memory Care Group, LLC.",https://www.linkedin.com/in/kristen-johnson-4b60202a
Andy Lawrence,VP Sales and Marketing,HealthInformatics Resources,VP Sales and Marketing at Health Informatics Resources,https://www.linkedin.com/in/andy-lawrence-2790b3124
Ali Shahry,,,VP Business Development and Operations at Your Home Healthcare,https://www.linkedin.com/in/ali-shahry-4576b278
Jerry Tochterman,,,VP Business Development at Corridor Mobile Medical Services,https://www.linkedin.com/in/jerry-tochterman-26462739
LinkedIn Member,Regional VP of Operations,Senior Care Centers LTC,,
Gary Gary Landry,,,Exec VP at Covenant Management Systems,https://www.linkedin.com/in/gary-gary-landry-5590b428
LinkedIn Member,1st-VP Fundraising,Westside PTA,,
Bob Copeland,VP of Information Technology,Sonic Healthcare USA,Chief Information Officer at Sonic Healthcare USA,https://www.linkedin.com/in/bob-copeland-59b3641
Shayne Goode,Market VP of Strategic Initiatives,Post Acute Medical,at,https://www.linkedin.com/in/shayne-goode-6b9511a9
Naren Singh,"VP, Product Marketing & Strategy",Rallyhood,Experienced Product and Digital Health Strategist,https://www.linkedin.com/in/narensingh